{
  "test_set": "medium",
  "confusion_matrix": [
    [
      3587,
      110
    ],
    [
      36,
      4964
    ]
  ],
  "metrics": {
    "accuracy": 0.9832126020466828,
    "precision": 0.9783208513992905,
    "recall": 0.9928,
    "specificity": 0.9702461455233974,
    "f1_score": 0.9855072463768115,
    "false_positive_rate": 0.02975385447660265,
    "false_negative_rate": 0.0072,
    "bee_fp_rate": 0.002285714285714286,
    "european_fp_rate": 0.6,
    "wasp_fp_rate": 0.4329896907216495
  },
  "counts": {
    "true_negatives": 3587,
    "false_positives": 110,
    "false_negatives": 36,
    "true_positives": 4964,
    "total_samples": 8697
  },
  "performance": {
    "eval_time_seconds": 547.7468757629395,
    "images_per_second": 15.877771987081115
  },
  "class_wise_results": {
    "asian_hornets": {
      "accuracy": 0.9928,
      "total": 5000,
      "correct": 4964,
      "mean_prob": 0.9888572311280054
    },
    "bees": {
      "accuracy": 0.9977142857142857,
      "total": 3500,
      "correct": 3492,
      "mean_prob": 0.0026337123489197944
    },
    "european_hornets": {
      "accuracy": 0.4,
      "total": 100,
      "correct": 40,
      "mean_prob": 0.5925672994370932
    },
    "wasps": {
      "accuracy": 0.5670103092783505,
      "total": 97,
      "correct": 55,
      "mean_prob": 0.452938534670822
    }
  },
  "threshold": 0.5
}