{
  "best_val_acc": 90.48446452279755,
  "training_time_minutes": 579.0154126644135,
  "classification_report": {
    "Asian Hornet": {
      "precision": 0.8146203554119548,
      "recall": 0.6570032573289902,
      "f1-score": 0.7273710782545979,
      "support": 3070.0
    },
    "Bee": {
      "precision": 0.9821901323706378,
      "recall": 0.9763157894736842,
      "f1-score": 0.979244151169766,
      "support": 4180.0
    },
    "European Hornet": {
      "precision": 0.8252136852763192,
      "recall": 0.9500908179033264,
      "f1-score": 0.8832602449720248,
      "support": 36887.0
    },
    "Wasp": {
      "precision": 0.8971575823832578,
      "recall": 0.7551100887282287,
      "f1-score": 0.8200278362656579,
      "support": 30430.0
    },
    "Random Images": {
      "precision": 0.9976276156204185,
      "recall": 0.9937865108868826,
      "f1-score": 0.9957033588293981,
      "support": 37660.0
    },
    "accuracy": 0.9048446452279755,
    "macro avg": {
      "precision": 0.9033618742125176,
      "recall": 0.8664612928642225,
      "f1-score": 0.8811213338982891,
      "support": 112227.0
    },
    "weighted avg": {
      "precision": 0.9081349202010126,
      "recall": 0.9048446452279755,
      "f1-score": 0.9031581167588318,
      "support": 112227.0
    }
  },
  "confusion_matrix": [
    [
      2017,
      8,
      259,
      762,
      24
    ],
    [
      7,
      4081,
      9,
      40,
      43
    ],
    [
      97,
      10,
      35046,
      1721,
      13
    ],
    [
      308,
      4,
      7131,
      22978,
      9
    ],
    [
      47,
      52,
      24,
      111,
      37426
    ]
  ],
  "hyperparameters": {
    "batch_size": 64,
    "learning_rate": 0.0001,
    "epochs": 15,
    "samples_per_class": 30000
  }
}