{
  "train_loss": [
    0.4820205236979007,
    0.33907833398532744,
    0.30258396690005734,
    0.2783200618216558,
    0.26140343553923806,
    0.24845255586181994,
    0.2359844989082919,
    0.22696201173022848,
    0.21910771151921957,
    0.2114528670792592,
    0.2065239689112625,
    0.19847593934246602,
    0.19488003716165195,
    0.18391344243495283,
    0.17502816357020504
  ],
  "train_acc": [
    79.994,
    85.75133333333333,
    87.272,
    88.3,
    89.004,
    89.57733333333333,
    90.07533333333333,
    90.444,
    90.82066666666667,
    91.146,
    91.30133333333333,
    91.67666666666666,
    91.894,
    92.28133333333334,
    92.65133333333333
  ],
  "val_loss": [
    0.3629759730879502,
    0.3682454582325001,
    0.335120801116205,
    0.31560956957742586,
    0.30963550319421523,
    0.32617538914237354,
    0.28553829649240287,
    0.29613033286216184,
    0.2825323277181747,
    0.27399550508729,
    0.34444708634112686,
    0.2801361491387559,
    0.2919303369894199,
    0.2681256104791654,
    0.26189152435946494
  ],
  "val_acc": [
    84.4689780534096,
    85.53913051226532,
    86.5674035659868,
    87.42281269213291,
    87.92269240022455,
    87.90219822324397,
    88.70681743252516,
    89.05610949236815,
    89.09442469281011,
    89.30025751378902,
    89.68519162055478,
    89.71103210457376,
    89.89993495326438,
    90.33476792572198,
    90.48446452279755
  ]
}