{
  "train_loss": [
    0.5453275345802308,
    0.4008388205130895,
    0.36177433190345765,
    0.33508277955849963,
    0.31559480923811595,
    0.30068798520167667,
    0.2861095511436462,
    0.27312982464234037,
    0.2641528823335966,
    0.2576137924432754,
    0.24940221529404322,
    0.2426909159620603,
    0.2375647125641505,
    0.2305482316851616,
    0.22490180600881576
  ],
  "train_acc": [
    76.565,
    82.87333333333333,
    84.635,
    85.805,
    86.62,
    87.30333333333333,
    87.9325,
    88.53833333333333,
    88.84666666666666,
    89.15416666666667,
    89.50833333333334,
    89.82333333333334,
    89.94583333333334,
    90.2475,
    90.55583333333334
  ],
  "val_loss": [
    0.5283682553886754,
    0.4818031062239439,
    0.49748273602787463,
    0.4581955866201255,
    0.44964993771926004,
    0.44580394994486666,
    0.4293954422885926,
    0.4108564389252949,
    0.4074542181339518,
    0.40638853894549826,
    0.43918119557521357,
    0.4961394575739193,
    0.3789883220175323,
    0.39305413813421286,
    0.5587988743370025
  ],
  "val_acc": [
    77.38812075046603,
    79.42655598320974,
    80.26338728928346,
    81.44755723041024,
    82.47213915002615,
    82.69341665884372,
    82.99649979213325,
    83.80516850617565,
    83.90709026781285,
    84.33757560314885,
    84.81633966768142,
    85.03627610068797,
    85.23609639652929,
    85.39568441804015,
    85.69608539970764
  ]
}